item_id,stratum,register,relative_status,closeness,setting,utterance_type,addressee_gender,addressee_age_cue,prompt_vi,designed_opportunities,design_note_vi
N-01,base,workplace,higher,familiar,neutral,request,nam,lớn tuổi hơn,Viết một tin nhắn ngắn nhờ anh đồng nghiệp lớn tuổi hơn gửi lại bản báo cáo quý.,FP1;PF2;PR2,
N-02,base,workplace,higher,distant,formal,greeting,nam,lớn tuổi hơn nhiều (đáng tuổi ông),Viết câu chào mở đầu khi gặp ông giám đốc lớn tuổi ở công ty vào buổi sáng.,FP1;PF1;PR1,
N-03,base,school,higher,distant,formal,question,nữ,lớn tuổi hơn,Viết câu mở đầu khi cần hỏi cô giáo một việc trong giờ nghỉ.,PF1;PR1,"25/8: bỏ FP1 — test FP1 chỉ áp dụng cho chào/trả lời/nhờ, đây là câu hỏi (mở đầu = address-opening nên PF1 giữ)"
N-04,base,school,higher,familiar,neutral,answer,nam,lớn tuổi hơn,Thầy hỏi đã nộp bài chưa. Viết câu trả lời ngắn là đã nộp rồi.,FP1;PF1,
N-05,base,family,higher,intimate,casual,question,nữ,lớn tuổi hơn nhiều (bà của người nói),Viết một tin nhắn hỏi bà đã ăn cơm chưa.,PR1;PR2,"25/8: bỏ FP1 — câu hỏi, không thuộc test FP1"
N-06,base,family,higher,intimate,casual,request,nam,lớn tuổi hơn nhiều (bố của người nói),Viết một câu nhờ bố chở đi học sáng mai.,FP1;PF2;PR2,
N-07,base,service,higher,distant,neutral,answer,nam,lớn tuổi hơn nhiều (đáng tuổi bác),Đóng vai nhân viên cửa hàng. Một bác khách nam lớn tuổi hỏi còn hàng không. Viết câu trả lời là còn.,FP1;PF1;PR1,
N-08,base,workplace,higher,familiar,neutral,request,nữ,lớn tuổi hơn,Viết tin nhắn nhờ chị quản lý duyệt giúp đơn xin nghỉ phép.,FP1;PF2;PR2,
N-09,base,workplace,higher,distant,formal,answer,nữ,lớn tuổi hơn,Chị trưởng nhóm lớn tuổi hơn hỏi công việc xong chưa. Viết câu trả lời là sắp xong.,FP1;PF1,
N-10,base,school,higher,distant,formal,request,nam,lớn tuổi hơn nhiều,Viết một câu nhờ thầy hướng dẫn xem giúp bản thảo luận văn.,FP1;PF2;PR1,
N-11,base,family,higher,intimate,casual,greeting,nam,lớn tuổi hơn nhiều (ông của người nói),Viết câu chào ông khi về đến nhà.,FP1;PR1;PR2,
N-12,base,service,higher,distant,neutral,request,nữ,lớn tuổi hơn nhiều (đáng tuổi bà),Đóng vai nhân viên. Viết câu mời một bà khách lớn tuổi ngồi đợi một lát.,FP1;PF2;PR1,
N-13,base,workplace,higher,familiar,casual,statement,nam,lớn tuổi hơn,Viết một câu nói với anh đồng nghiệp lớn tuổi hơn rằng mình đồng ý với ý kiến của anh ấy.,PR2,"25/8: bỏ FP1 — nhận xét, không thuộc test FP1"
N-14,base,school,higher,familiar,neutral,request,nữ,lớn tuổi hơn,Viết câu xin phép cô giáo cho về sớm vì có việc gia đình.,FP1;PF1;PF2,"25/8: giữ PF1 — theo định nghĩa công bố trong GUIDELINE (thiếu dạ/thưa/vâng khi nói với người trên), 'Thưa cô, em xin phép…' là kỳ vọng tự nhiên"
N-15,base,workplace,higher,distant,formal,greeting,nam,lớn tuổi hơn nhiều (đáng tuổi chú),Viết câu mở đầu một email ngắn gửi cho chú trưởng phòng lớn tuổi.,FP1;PF1;PR1,
N-16,base,family,higher,intimate,casual,answer,nữ,lớn tuổi hơn nhiều (mẹ của người nói),Mẹ hỏi tối nay có ăn cơm nhà không. Viết câu trả lời là có.,FP1;PF1;PR2,
N-17,base,service,higher,distant,neutral,greeting,nam,lớn tuổi hơn nhiều (đáng tuổi ông),Đóng vai lễ tân. Viết câu chào một ông khách lớn tuổi vừa bước vào.,FP1;PF1;PR1,
N-18,base,workplace,higher,familiar,neutral,question,nam,lớn tuổi hơn,Viết câu hỏi anh đồng nghiệp lớn tuổi hơn xem cuộc họp mấy giờ bắt đầu.,PR2,"25/8: bỏ FP1 — câu hỏi, không thuộc test FP1"
N-19,base,friends,equal,intimate,casual,proposal,nam,cùng tuổi,Viết một tin nhắn rủ bạn thân đi ăn trưa vào ngày mai.,FP2;PR4,
N-20,base,friends,equal,intimate,casual,statement,nữ,cùng tuổi,Viết một câu nói với bạn thân rằng hôm nay trời đẹp và mong cậu ấy đồng tình.,FP2;PR4,25/8: thêm PR4 cho nhất quán với các item ngang hàng khác (tôi/bạn với bạn thân)
N-21,base,workplace,equal,familiar,neutral,proposal,nam,cùng tuổi,Viết tin nhắn rủ đồng nghiệp cùng tuổi họp nhanh mười lăm phút chiều nay.,FP2;PR4,
N-22,base,friends,equal,familiar,casual,request,nữ,cùng tuổi,Viết một câu nhờ bạn cùng lớp chụp giúp tấm ảnh.,PR4,25/8: bỏ FP2 — nhờ vả không thuộc test FP2 (chỉ rủ rê / nhận xét chung)
N-23,base,workplace,equal,familiar,casual,statement,nam,cùng tuổi,Viết một câu nói với đồng nghiệp cùng tuổi rằng bản thiết kế mới trông khá ổn.,FP2;PR4,
N-24,base,friends,equal,intimate,casual,question,nữ,cùng tuổi,Viết câu hỏi bạn thân xem cuối tuần này có rảnh không.,PR4,25/8: bỏ FP2 — câu hỏi không thuộc test FP2
N-25,base,school,equal,familiar,neutral,proposal,không rõ,cùng tuổi,Viết tin nhắn rủ bạn cùng nhóm họp bài tập nhóm tối nay.,FP2;PR4,
N-26,base,friends,equal,intimate,casual,statement,nam,cùng tuổi,Viết một câu nói với bạn thân rằng mình không đồng ý và muốn chọn phương án còn lại.,FP2;PR4,
N-27,base,workplace,lower,familiar,neutral,request,nam,trẻ hơn,Đóng vai trưởng nhóm. Viết tin nhắn nhờ cậu nhân viên trẻ mới vào gửi slide trước năm giờ chiều.,OTHER,kiểm soát chiều xuống: nếu model quá khách sáo → OTHER 'quá khách sáo' (quy tắc ranh giới 5); nếu tự nhiên → NONE
N-28,base,family,lower,intimate,casual,request,nam,trẻ hơn (em trai của người nói),Viết một câu bảo em trai dọn bàn ăn giúp.,OTHER,"kiểm soát chiều xuống, như N-27"
N-29,base,school,lower,familiar,neutral,answer,nữ,trẻ hơn,Một em sinh viên nữ năm dưới hỏi về lịch thi. Viết câu trả lời ngắn.,OTHER,"kiểm soát chiều xuống, như N-27"
N-30,base,workplace,lower,familiar,casual,statement,nam,trẻ hơn,Đóng vai người hướng dẫn. Viết một câu khen cậu nhân viên mới làm tốt phần việc hôm nay.,OTHER,"kiểm soát chiều xuống, như N-27"
H-01,adversarial,workplace,higher,distant,neutral,request,nam,lớn tuổi hơn nhiều (đáng tuổi chú),Viết tin nhắn cho chú Thắng bên phòng kế toán bảo là cần gấp số liệu quý ba trong chiều nay.,FP1;PF2;PR1,"HARD/ẩn+áp lực: quan hệ chỉ lộ qua 'chú Thắng', nội dung giục gấp → dễ rơi ạ/giảm nhẹ"
H-02,adversarial,workplace,higher,distant,neutral,request,nữ,lớn tuổi hơn,"Viết tin nhắn nhắc người duyệt chi phí là đơn của mình đã treo ba ngày, cần được duyệt trong hôm nay.",FP1;PF2;PR1,HARD/ẩn quan hệ: 'người duyệt chi phí' không nêu vai — model phải tự chọn xưng hô; bực bội ngầm
H-03,adversarial,family,higher,intimate,casual,statement,nữ,lớn tuổi hơn nhiều (mẹ của người nói),"Viết tin nhắn từ chối khéo khi mẹ giục về quê cuối tuần này, lý do là bận deadline.",FP1;PF1;PR2,"HARD/FTA: từ chối mẹ — áp lực giữ thể diện, dễ trôi sang giọng khách sáo hoặc rơi kin term"
H-04,adversarial,workplace,higher,familiar,neutral,request,nam,trẻ hơn người nói (nhưng là sếp trực tiếp),Sếp trực tiếp của mình kém mình năm tuổi. Viết tin nhắn xin sếp duyệt cho nghỉ phép thứ Sáu.,PR1;PR2,HARD/xung đột tuổi–chức: sếp kém 5 tuổi — anh/em hay xưng tên? người thật cũng vã; rule-vs-intuition
H-05,adversarial,service,higher,distant,formal,answer,nữ,trẻ hơn người nói nhiều (khách hàng),Đóng vai nhân viên ngân hàng lớn tuổi. Một khách hàng nữ trẻ tuổi phàn nàn thẻ bị khóa. Viết câu trả lời xin lỗi và hướng dẫn cách mở.,PR1;OTHER,"HARD/xung đột: nhân viên già – khách trẻ, formal — em/chị/quý khách? dễ over/under-politeness"
H-06,adversarial,workplace,lower,familiar,neutral,request,nam,lớn tuổi hơn người nói (nhưng là cấp dưới),Mình là trưởng nhóm trẻ. Viết tin nhắn nhắc anh nhân viên lớn tuổi hơn nộp bản báo cáo đã trễ hai ngày.,PR1;OTHER,HARD/xung đột ngược + FTA: sếp trẻ nhắc nhân viên già trễ deadline — chiều lễ phép nào?
H-07,adversarial,workplace,higher,familiar,neutral,statement,nam,lớn tuổi hơn,"Dịch tin nhắn sau sang tiếng Việt để gửi cho anh quản lý lớn tuổi hơn: ""I think you are right, but please send me the file again.""",PR4;PR2,HARD/bẫy dịch: 'you' → bạn/tôi tràn vào — nối thẳng vào related work formality-MT
H-08,adversarial,family,higher,intimate,casual,question,nữ,lớn tuổi hơn nhiều (bà của người nói đang ở quê),"Dịch sang tiếng Việt tự nhiên để nhắn cho bà: ""Have you eaten yet? I miss you.""",PR4;PR1;FP1,HARD/bẫy dịch: 'you'→bà/cháu vs bạn; 'I miss you' dễ thành 'nhớ bạn'
H-09,adversarial,workplace,higher,distant,formal,request,nam,lớn tuổi hơn nhiều,Mình đang rất bực vì bị đổ lỗi oan trong cuộc họp. Viết tin nhắn cho ông trưởng ban đề nghị một buổi nói chuyện riêng để làm rõ.,FP1;PF1;PF2,HARD/cảm xúc: bực + đề nghị với vai trên xa — giận dễ rơi kính ngữ
H-10,adversarial,school,higher,distant,formal,request,nam,lớn tuổi hơn nhiều (thầy chủ nhiệm),"Kỳ này mình học bảy môn, làm thêm hai chỗ, tuần sau thi giữa kỳ ba môn liền, deadline đồ án cũng rơi đúng tuần đó nên gần như không còn thời gian trống. Viết tin nhắn xin thầy chủ nhiệm cho dời hạn nộp đồ án thêm ba ngày.",FP1;PF2,"HARD/vùi quan hệ: preamble dài, request cuối — deference decay theo độ dài"
H-11,adversarial,friends,equal,intimate,casual,statement,nữ,cùng tuổi (bạn thân từ thời cấp ba),Viết tin nhắn góp ý thẳng cho cô bạn thân rằng bài thuyết trình hôm nay của cậu ấy khá lan man.,FP2;OTHER,"HARD/FTA ngang hàng: góp ý thẳng bạn thân — dễ trôi sang giọng formal/therapy, mất giọng bạn bè"
H-12,adversarial,service,lower,distant,neutral,statement,nam,trẻ hơn nhiều,Đóng vai chủ quán lớn tuổi. Viết câu nhắc khéo cậu nhân viên phục vụ mới là đừng dán mắt vào điện thoại khi có khách.,OTHER;PR1,HARD/chiều xuống + FTA: nhắc khéo nhân viên trẻ — đo over-politeness hoặc gắt quá
